

DROP TABLE USERS cascade constraints; 
DROP TABLE ROLE cascade constraints ;
DROP TABLE OFFICE cascade constraints ;
DROP TABLE CONTACT_TYPE cascade constraints ;
DROP TABLE CONTACT_INFO cascade constraints ;
DROP TABLE CAR cascade constraints;

--DROP TRIGGER "CARID";
--DROP TRIGGER "CONTACTINFOID";
--DROP TRIGGER "CONTACTTYPEID";
--DROP TRIGGER "OFFICEID";
--DROP TRIGGER "ROLEID";
--DROP TRIGGER "USERID";

DROP SEQUENCE CARID;
DROP SEQUENCE CONTACTINFOID;
DROP SEQUENCE CONTACTTYPEID;
DROP SEQUENCE OFFICEID;
DROP SEQUENCE ROLEID;
DROP SEQUENCE USERID;


--------------------------------------------------------
--  File created - Monday-September-24-2018   
--------------------------------------------------------
--------------------------------------------------------
--  DDL for Sequence CARID
--------------------------------------------------------

   CREATE SEQUENCE  "CARID"  MINVALUE 1 MAXVALUE 9999999999999999999999999999 INCREMENT BY 1 START WITH 41 CACHE 20 NOORDER  NOCYCLE   ;
--------------------------------------------------------
--  DDL for Sequence CONTACTINFOID
--------------------------------------------------------

   CREATE SEQUENCE  "CONTACTINFOID"  MINVALUE 1 MAXVALUE 9999999999999999999999999999 INCREMENT BY 1 START WITH 101 CACHE 20 NOORDER  NOCYCLE   ;
--------------------------------------------------------
--  DDL for Sequence CONTACTTYPEID
--------------------------------------------------------

   CREATE SEQUENCE  "CONTACTTYPEID"  MINVALUE 1 MAXVALUE 9999999999999999999999999999 INCREMENT BY 1 START WITH 21 CACHE 20 NOORDER  NOCYCLE   ;
--------------------------------------------------------
--  DDL for Sequence OFFICEID
--------------------------------------------------------

   CREATE SEQUENCE  "OFFICEID"  MINVALUE 1 MAXVALUE 9999999999999999999999999999 INCREMENT BY 1 START WITH 41 CACHE 20 NOORDER  NOCYCLE   ;
--------------------------------------------------------
--  DDL for Sequence ROLEID
--------------------------------------------------------

   CREATE SEQUENCE  "ROLEID"  MINVALUE 1 MAXVALUE 9999999999999999999999999999 INCREMENT BY 1 START WITH 21 CACHE 20 NOORDER  NOCYCLE   ;
--------------------------------------------------------
--  DDL for Sequence USERID
--------------------------------------------------------

   CREATE SEQUENCE  "USERID"  MINVALUE 1 MAXVALUE 9999999999999999999999999999 INCREMENT BY 1 START WITH 41 CACHE 20 NOORDER  NOCYCLE   ;
--------------------------------------------------------
--  DDL for Table CAR
--------------------------------------------------------

  CREATE TABLE "CAR" 
   (	"CAR_ID" NUMBER(20,0), 
	"USER_ID" NUMBER(20,0), 
	"MAKE" VARCHAR2(35 BYTE), 
	"MODEL" VARCHAR2(30 BYTE), 
	"YEAR" NUMBER(20,0)
   ) SEGMENT CREATION IMMEDIATE 
  PCTFREE 10 PCTUSED 40 INITRANS 1 MAXTRANS 255 
 NOCOMPRESS LOGGING
  STORAGE(INITIAL 65536 NEXT 1048576 MINEXTENTS 1 MAXEXTENTS 2147483645
  PCTINCREASE 0 FREELISTS 1 FREELIST GROUPS 1
  BUFFER_POOL DEFAULT FLASH_CACHE DEFAULT CELL_FLASH_CACHE DEFAULT)
  TABLESPACE "SYSTEM" ;
--------------------------------------------------------
--  DDL for Table CONTACT_INFO
--------------------------------------------------------

  CREATE TABLE "CONTACT_INFO" 
   (	"CONTACT_INFO_ID" NUMBER(20,0), 
	"USER_ID" NUMBER(20,0), 
	"CONTACT_TYPE_ID" NUMBER(20,0), 
	"INFO" VARCHAR2(200 BYTE)
   ) SEGMENT CREATION IMMEDIATE 
  PCTFREE 10 PCTUSED 40 INITRANS 1 MAXTRANS 255 
 NOCOMPRESS LOGGING
  STORAGE(INITIAL 65536 NEXT 1048576 MINEXTENTS 1 MAXEXTENTS 2147483645
  PCTINCREASE 0 FREELISTS 1 FREELIST GROUPS 1
  BUFFER_POOL DEFAULT FLASH_CACHE DEFAULT CELL_FLASH_CACHE DEFAULT)
  TABLESPACE "SYSTEM" ;
--------------------------------------------------------
--  DDL for Table CONTACT_TYPE
--------------------------------------------------------

  CREATE TABLE "CONTACT_TYPE" 
   (	"CONTACT_TYPE_ID" NUMBER(20,0), 
	"TYPE" VARCHAR2(20 BYTE)
   ) SEGMENT CREATION IMMEDIATE 
  PCTFREE 10 PCTUSED 40 INITRANS 1 MAXTRANS 255 
 NOCOMPRESS LOGGING
  STORAGE(INITIAL 65536 NEXT 1048576 MINEXTENTS 1 MAXEXTENTS 2147483645
  PCTINCREASE 0 FREELISTS 1 FREELIST GROUPS 1
  BUFFER_POOL DEFAULT FLASH_CACHE DEFAULT CELL_FLASH_CACHE DEFAULT)
  TABLESPACE "SYSTEM" ;
--------------------------------------------------------
--  DDL for Table OFFICE
--------------------------------------------------------

  CREATE TABLE "OFFICE" 
   (	"OFFICE_ID" NUMBER(20,0), 
	"NAME" VARCHAR2(30 BYTE), 
	"ADDRESS" VARCHAR2(100 BYTE)
   ) SEGMENT CREATION IMMEDIATE 
  PCTFREE 10 PCTUSED 40 INITRANS 1 MAXTRANS 255 
 NOCOMPRESS LOGGING
  STORAGE(INITIAL 65536 NEXT 1048576 MINEXTENTS 1 MAXEXTENTS 2147483645
  PCTINCREASE 0 FREELISTS 1 FREELIST GROUPS 1
  BUFFER_POOL DEFAULT FLASH_CACHE DEFAULT CELL_FLASH_CACHE DEFAULT)
  TABLESPACE "SYSTEM" ;
--------------------------------------------------------
--  DDL for Table ROLE
--------------------------------------------------------

  CREATE TABLE "ROLE" 
   (	"ROLE_ID" NUMBER(20,0), 
	"TYPE" VARCHAR2(30 BYTE)
   ) SEGMENT CREATION IMMEDIATE 
  PCTFREE 10 PCTUSED 40 INITRANS 1 MAXTRANS 255 
 NOCOMPRESS LOGGING
  STORAGE(INITIAL 65536 NEXT 1048576 MINEXTENTS 1 MAXEXTENTS 2147483645
  PCTINCREASE 0 FREELISTS 1 FREELIST GROUPS 1
  BUFFER_POOL DEFAULT FLASH_CACHE DEFAULT CELL_FLASH_CACHE DEFAULT)
  TABLESPACE "SYSTEM" ;
--------------------------------------------------------
--  DDL for Table USERS
--------------------------------------------------------

  CREATE TABLE "USERS" 
   (	"USER_ID" NUMBER(20,0), 
	"FIRST_NAME" VARCHAR2(25 BYTE), 
	"LAST_NAME" VARCHAR2(30 BYTE), 
	"EMAIL" VARCHAR2(40 BYTE), 
	"PASSWORD" VARCHAR2(70 BYTE), 
	"ADDRESS" VARCHAR2(100 BYTE), 
	"BATCH_END" DATE, 
	"VENMO" VARCHAR2(30 BYTE), 
	"ACTIVE" NUMBER(1,0) DEFAULT 1, 
	"ROLE_ID" NUMBER(20,0), 
	"OFFICE_ID" NUMBER(20,0), 
	"PHOTO_URL" VARCHAR2(200 BYTE), 
	"BIO" VARCHAR2(200 BYTE)
   ) SEGMENT CREATION IMMEDIATE 
  PCTFREE 10 PCTUSED 40 INITRANS 1 MAXTRANS 255 
 NOCOMPRESS LOGGING
  STORAGE(INITIAL 65536 NEXT 1048576 MINEXTENTS 1 MAXEXTENTS 2147483645
  PCTINCREASE 0 FREELISTS 1 FREELIST GROUPS 1
  BUFFER_POOL DEFAULT FLASH_CACHE DEFAULT CELL_FLASH_CACHE DEFAULT)
  TABLESPACE "SYSTEM" ;
REM INSERTING into CAR
SET DEFINE OFF;
Insert into CAR (CAR_ID,USER_ID,MAKE,MODEL,YEAR) values (1,1,'Toyota','Land Cruiser',2000);
Insert into CAR (CAR_ID,USER_ID,MAKE,MODEL,YEAR) values (2,2,'Honda','Civc',2012);
Insert into CAR (CAR_ID,USER_ID,MAKE,MODEL,YEAR) values (21,22,'Infiniti','fx35',2012);
Insert into CAR (CAR_ID,USER_ID,MAKE,MODEL,YEAR) values (22,26,'Hyundai
','Veloster',2013);
Insert into CAR (CAR_ID,USER_ID,MAKE,MODEL,YEAR) values (23,30,'Dodge','Charger',2014);
Insert into CAR (CAR_ID,USER_ID,MAKE,MODEL,YEAR) values (24,28,'Toyota','Rav4',2014);
Insert into CAR (CAR_ID,USER_ID,MAKE,MODEL,YEAR) values (25,32,'Porsche','Panamera',2018);
REM INSERTING into CONTACT_INFO
SET DEFINE OFF;
Insert into CONTACT_INFO (CONTACT_INFO_ID,USER_ID,CONTACT_TYPE_ID,INFO) values (2,1,5,'bilnye123');
Insert into CONTACT_INFO (CONTACT_INFO_ID,USER_ID,CONTACT_TYPE_ID,INFO) values (3,1,2,'billmessage@hotmail.com');
Insert into CONTACT_INFO (CONTACT_INFO_ID,USER_ID,CONTACT_TYPE_ID,INFO) values (1,1,1,'630-554-4155');
Insert into CONTACT_INFO (CONTACT_INFO_ID,USER_ID,CONTACT_TYPE_ID,INFO) values (4,2,1,'630-123-4563');
Insert into CONTACT_INFO (CONTACT_INFO_ID,USER_ID,CONTACT_TYPE_ID,INFO) values (21,2,2,'sammy123s@gmail.com');
Insert into CONTACT_INFO (CONTACT_INFO_ID,USER_ID,CONTACT_TYPE_ID,INFO) values (22,2,3,'SamE');
Insert into CONTACT_INFO (CONTACT_INFO_ID,USER_ID,CONTACT_TYPE_ID,INFO) values (23,2,4,'Sammy111 ');
Insert into CONTACT_INFO (CONTACT_INFO_ID,USER_ID,CONTACT_TYPE_ID,INFO) values (24,2,5,'ConcernedDad#5786');
Insert into CONTACT_INFO (CONTACT_INFO_ID,USER_ID,CONTACT_TYPE_ID,INFO) values (25,2,6,'Sammy123');
Insert into CONTACT_INFO (CONTACT_INFO_ID,USER_ID,CONTACT_TYPE_ID,INFO) values (26,2,7,'610-123-4563');
Insert into CONTACT_INFO (CONTACT_INFO_ID,USER_ID,CONTACT_TYPE_ID,INFO) values (27,2,8,'Blahbip');
Insert into CONTACT_INFO (CONTACT_INFO_ID,USER_ID,CONTACT_TYPE_ID,INFO) values (28,21,1,'928-553-0191');
Insert into CONTACT_INFO (CONTACT_INFO_ID,USER_ID,CONTACT_TYPE_ID,INFO) values (29,21,2,'genesis.bonds@gmail.com');
Insert into CONTACT_INFO (CONTACT_INFO_ID,USER_ID,CONTACT_TYPE_ID,INFO) values (30,21,3,'Genesis Bonds');
Insert into CONTACT_INFO (CONTACT_INFO_ID,USER_ID,CONTACT_TYPE_ID,INFO) values (31,21,4,'GenniferBonds');
Insert into CONTACT_INFO (CONTACT_INFO_ID,USER_ID,CONTACT_TYPE_ID,INFO) values (32,21,7,'JehovaBonds');
Insert into CONTACT_INFO (CONTACT_INFO_ID,USER_ID,CONTACT_TYPE_ID,INFO) values (33,21,5,'Trainer#3434');
Insert into CONTACT_INFO (CONTACT_INFO_ID,USER_ID,CONTACT_TYPE_ID,INFO) values (34,21,6,'Geneva Bones');
Insert into CONTACT_INFO (CONTACT_INFO_ID,USER_ID,CONTACT_TYPE_ID,INFO) values (35,22,1,'123-412-5122');
Insert into CONTACT_INFO (CONTACT_INFO_ID,USER_ID,CONTACT_TYPE_ID,INFO) values (36,22,2,'Iam@hotmail.com');
Insert into CONTACT_INFO (CONTACT_INFO_ID,USER_ID,CONTACT_TYPE_ID,INFO) values (37,22,3,'Jeffrey');
Insert into CONTACT_INFO (CONTACT_INFO_ID,USER_ID,CONTACT_TYPE_ID,INFO) values (38,22,4,'HiMyNames');
Insert into CONTACT_INFO (CONTACT_INFO_ID,USER_ID,CONTACT_TYPE_ID,INFO) values (39,22,5,'Jefbert#4251');
Insert into CONTACT_INFO (CONTACT_INFO_ID,USER_ID,CONTACT_TYPE_ID,INFO) values (40,25,1,'21-777-2012');
Insert into CONTACT_INFO (CONTACT_INFO_ID,USER_ID,CONTACT_TYPE_ID,INFO) values (41,25,2,'dom@runmail.co');
Insert into CONTACT_INFO (CONTACT_INFO_ID,USER_ID,CONTACT_TYPE_ID,INFO) values (42,25,3,'Dommy');
Insert into CONTACT_INFO (CONTACT_INFO_ID,USER_ID,CONTACT_TYPE_ID,INFO) values (43,25,6,'Dominic Rowe');
Insert into CONTACT_INFO (CONTACT_INFO_ID,USER_ID,CONTACT_TYPE_ID,INFO) values (44,26,1,'808-209-2645');
Insert into CONTACT_INFO (CONTACT_INFO_ID,USER_ID,CONTACT_TYPE_ID,INFO) values (45,26,2,'eskimolover@blankmail.com');
Insert into CONTACT_INFO (CONTACT_INFO_ID,USER_ID,CONTACT_TYPE_ID,INFO) values (46,26,3,'BulletBill');
Insert into CONTACT_INFO (CONTACT_INFO_ID,USER_ID,CONTACT_TYPE_ID,INFO) values (47,26,5,'MrRevature#8885');
Insert into CONTACT_INFO (CONTACT_INFO_ID,USER_ID,CONTACT_TYPE_ID,INFO) values (48,27,1,'365-090-2713');
Insert into CONTACT_INFO (CONTACT_INFO_ID,USER_ID,CONTACT_TYPE_ID,INFO) values (49,27,2,'NotLorenaCampbell@verizon.net');
Insert into CONTACT_INFO (CONTACT_INFO_ID,USER_ID,CONTACT_TYPE_ID,INFO) values (50,27,3,'GreetNMeet');
Insert into CONTACT_INFO (CONTACT_INFO_ID,USER_ID,CONTACT_TYPE_ID,INFO) values (51,27,6,'Lorena Campbell');
Insert into CONTACT_INFO (CONTACT_INFO_ID,USER_ID,CONTACT_TYPE_ID,INFO) values (52,28,1,'512-218-2898');
Insert into CONTACT_INFO (CONTACT_INFO_ID,USER_ID,CONTACT_TYPE_ID,INFO) values (53,28,2,'juggler@yahoo.com');
Insert into CONTACT_INFO (CONTACT_INFO_ID,USER_ID,CONTACT_TYPE_ID,INFO) values (54,28,3,'LorenaC');
Insert into CONTACT_INFO (CONTACT_INFO_ID,USER_ID,CONTACT_TYPE_ID,INFO) values (55,28,6,'Lorena Campbell');
Insert into CONTACT_INFO (CONTACT_INFO_ID,USER_ID,CONTACT_TYPE_ID,INFO) values (78,29,1,'314-684-7568');
Insert into CONTACT_INFO (CONTACT_INFO_ID,USER_ID,CONTACT_TYPE_ID,INFO) values (79,29,2,'loverboy31@gmail.com');
Insert into CONTACT_INFO (CONTACT_INFO_ID,USER_ID,CONTACT_TYPE_ID,INFO) values (80,30,1,'412-856-8867');
Insert into CONTACT_INFO (CONTACT_INFO_ID,USER_ID,CONTACT_TYPE_ID,INFO) values (81,30,2,'lovergirl31@gmail.com');
Insert into CONTACT_INFO (CONTACT_INFO_ID,USER_ID,CONTACT_TYPE_ID,INFO) values (82,31,1,'175-994-2311');
Insert into CONTACT_INFO (CONTACT_INFO_ID,USER_ID,CONTACT_TYPE_ID,INFO) values (83,31,2,'thedangler@aol.com');
Insert into CONTACT_INFO (CONTACT_INFO_ID,USER_ID,CONTACT_TYPE_ID,INFO) values (84,32,1,'553-592-5925');
Insert into CONTACT_INFO (CONTACT_INFO_ID,USER_ID,CONTACT_TYPE_ID,INFO) values (85,32,2,'grapes@radio76.net');
Insert into CONTACT_INFO (CONTACT_INFO_ID,USER_ID,CONTACT_TYPE_ID,INFO) values (86,33,1,'439-193-6011');
Insert into CONTACT_INFO (CONTACT_INFO_ID,USER_ID,CONTACT_TYPE_ID,INFO) values (87,33,2,'copy@pasta.net');
REM INSERTING into CONTACT_TYPE
SET DEFINE OFF;
Insert into CONTACT_TYPE (CONTACT_TYPE_ID,TYPE) values (3,'Slack');
Insert into CONTACT_TYPE (CONTACT_TYPE_ID,TYPE) values (1,'Cell Phone');
Insert into CONTACT_TYPE (CONTACT_TYPE_ID,TYPE) values (2,'Email');
Insert into CONTACT_TYPE (CONTACT_TYPE_ID,TYPE) values (4,'Skype');
Insert into CONTACT_TYPE (CONTACT_TYPE_ID,TYPE) values (5,'Discord');
Insert into CONTACT_TYPE (CONTACT_TYPE_ID,TYPE) values (6,'Facebook');
Insert into CONTACT_TYPE (CONTACT_TYPE_ID,TYPE) values (7,'GroupMe');
Insert into CONTACT_TYPE (CONTACT_TYPE_ID,TYPE) values (8,'Other');
REM INSERTING into OFFICE
SET DEFINE OFF;
Insert into OFFICE (OFFICE_ID,NAME,ADDRESS) values (3,'Dallas','701 W Nedderman Dr, Arlington, TX 76019');
Insert into OFFICE (OFFICE_ID,NAME,ADDRESS) values (1,'Reston','11730 Plaza America Dr #205, Reston, VA 20190');
Insert into OFFICE (OFFICE_ID,NAME,ADDRESS) values (2,'Tampa','4202 E Fowler Ave, Tampa, FL 33620');
Insert into OFFICE (OFFICE_ID,NAME,ADDRESS) values (4,'Flushing','65-30 Kissena Blvd, Flushing, NY 11367');
REM INSERTING into ROLE
SET DEFINE OFF;
Insert into ROLE (ROLE_ID,TYPE) values (1,'Admin');
Insert into ROLE (ROLE_ID,TYPE) values (2,'Trainer');
Insert into ROLE (ROLE_ID,TYPE) values (3,'Driver');
Insert into ROLE (ROLE_ID,TYPE) values (4,'Passenger');
REM INSERTING into USERS
SET DEFINE OFF;
Insert into USERS (USER_ID,FIRST_NAME,LAST_NAME,EMAIL,PASSWORD,ADDRESS,BATCH_END,VENMO,ACTIVE,ROLE_ID,OFFICE_ID,PHOTO_URL,BIO) values (2,'Sammy','Washere','samiam@yahoo.com','abcdefg','505 Pride Ave, Herndon, VA 20170',to_date('28-SEP-18 15:39','DD-MON-RR HH24:MI'),'smmy100',1,3,1,null,'Looking for ride');
Insert into USERS (USER_ID,FIRST_NAME,LAST_NAME,EMAIL,PASSWORD,ADDRESS,BATCH_END,VENMO,ACTIVE,ROLE_ID,OFFICE_ID,PHOTO_URL,BIO) values (1,'Bill','Nye','science@gmail.com','12345678','508 Pride Ave, Herndon, VA 20170',to_date('15-NOV-18 15:37','DD-MON-RR HH24:MI'),null,1,4,1,null,null);
Insert into USERS (USER_ID,FIRST_NAME,LAST_NAME,EMAIL,PASSWORD,ADDRESS,BATCH_END,VENMO,ACTIVE,ROLE_ID,OFFICE_ID,PHOTO_URL,BIO) values (21,'Genesis','Bonds','genesis.bonds@gmail.com
','12345678','11730 Plaza America Dr #205, Reston, VA 20190
',null,null,1,2,1,null,null);
Insert into USERS (USER_ID,FIRST_NAME,LAST_NAME,EMAIL,PASSWORD,ADDRESS,BATCH_END,VENMO,ACTIVE,ROLE_ID,OFFICE_ID,PHOTO_URL,BIO) values (22,'Jeffrey','Zhong','zhong62@gmail.com','12345678','2550 Astoria Cir Herndon, VA 20170',to_date('28-SEP-18 16:56','DD-MON-RR HH24:MI'),'jeffz123',1,3,1,null,null);
Insert into USERS (USER_ID,FIRST_NAME,LAST_NAME,EMAIL,PASSWORD,ADDRESS,BATCH_END,VENMO,ACTIVE,ROLE_ID,OFFICE_ID,PHOTO_URL,BIO) values (23,'admin','admin','admin@revature.com','12345678','11730 Plaza America Dr #205, Reston, VA 20190
',null,null,0,1,1,null,null);
Insert into USERS (USER_ID,FIRST_NAME,LAST_NAME,EMAIL,PASSWORD,ADDRESS,BATCH_END,VENMO,ACTIVE,ROLE_ID,OFFICE_ID,PHOTO_URL,BIO) values (24,'Will','Gentry','wilgen@gmail.com','12345678','2105 Raven Tower Ct
Herndon, VA 20170',null,null,1,2,1,null,null);
Insert into USERS (USER_ID,FIRST_NAME,LAST_NAME,EMAIL,PASSWORD,ADDRESS,BATCH_END,VENMO,ACTIVE,ROLE_ID,OFFICE_ID,PHOTO_URL,BIO) values (25,'Dominick','Rowe','drowe@hotmail.com','123Password','2175 San Moritz Cir Herndon, VA 20170',to_date('17-OCT-18 18:57','DD-MON-RR HH24:MI'),null,1,4,1,null,null);
Insert into USERS (USER_ID,FIRST_NAME,LAST_NAME,EMAIL,PASSWORD,ADDRESS,BATCH_END,VENMO,ACTIVE,ROLE_ID,OFFICE_ID,PHOTO_URL,BIO) values (26,'Bill','Larson','billrow@yahoo.com','Password123','2200 San Moritz Cir Herndon, VA 20170',to_date('15-NOV-18 15:37','DD-MON-RR HH24:MI'),'blarson1',1,3,1,null,'Hi, anyone can come to my address for a free ride, 5 spots left.');
Insert into USERS (USER_ID,FIRST_NAME,LAST_NAME,EMAIL,PASSWORD,ADDRESS,BATCH_END,VENMO,ACTIVE,ROLE_ID,OFFICE_ID,PHOTO_URL,BIO) values (27,'Lorena','Campbell','campbells@hotmail.com
','12345678','2161 San Moritz Cir Herndon, VA 20170',to_date('15-NOV-18 15:37','DD-MON-RR HH24:MI'),'campbell44',1,4,1,null,null);
Insert into USERS (USER_ID,FIRST_NAME,LAST_NAME,EMAIL,PASSWORD,ADDRESS,BATCH_END,VENMO,ACTIVE,ROLE_ID,OFFICE_ID,PHOTO_URL,BIO) values (28,'Penny','Hoffman','PennyRHoffman@jourrapide.com
','12345678','2165 San Moritz Cir Herndon, VA 20170',to_date('15-NOV-18 15:37','DD-MON-RR HH24:MI'),'Hoffyy',1,3,1,null,null);
Insert into USERS (USER_ID,FIRST_NAME,LAST_NAME,EMAIL,PASSWORD,ADDRESS,BATCH_END,VENMO,ACTIVE,ROLE_ID,OFFICE_ID,PHOTO_URL,BIO) values (29,'Vern','Johnson','VernRJohnson@dayrep.com','12345678','2169 San Moritz Cir Herndon, VA 20170',to_date('15-NOV-18 15:37','DD-MON-RR HH24:MI'),null,1,4,1,null,null);
Insert into USERS (USER_ID,FIRST_NAME,LAST_NAME,EMAIL,PASSWORD,ADDRESS,BATCH_END,VENMO,ACTIVE,ROLE_ID,OFFICE_ID,PHOTO_URL,BIO) values (30,'Walter','Morillo','WalterPMorillo@dayrep.com','12345678','2204 Astoria Cir Herndon, VA 20170',to_date('15-NOV-18 15:37','DD-MON-RR HH24:MI'),null,1,3,1,null,'Need temporary ride for a week');
Insert into USERS (USER_ID,FIRST_NAME,LAST_NAME,EMAIL,PASSWORD,ADDRESS,BATCH_END,VENMO,ACTIVE,ROLE_ID,OFFICE_ID,PHOTO_URL,BIO) values (31,'Gary','Jones','GaryHJones@teleworm.us','12345678','2208 Astoria Cir Herndon, VA 20170',to_date('15-NOV-18 15:37','DD-MON-RR HH24:MI'),'Jones4Gary',1,4,1,null,null);
Insert into USERS (USER_ID,FIRST_NAME,LAST_NAME,EMAIL,PASSWORD,ADDRESS,BATCH_END,VENMO,ACTIVE,ROLE_ID,OFFICE_ID,PHOTO_URL,BIO) values (32,'David','Owens','DavidMOwens@jourrapide.com','12345678','2220 Astoria Cir Herndon, VA 20170',to_date('15-NOV-18 15:37','DD-MON-RR HH24:MI'),null,1,3,1,null,null);
Insert into USERS (USER_ID,FIRST_NAME,LAST_NAME,EMAIL,PASSWORD,ADDRESS,BATCH_END,VENMO,ACTIVE,ROLE_ID,OFFICE_ID,PHOTO_URL,BIO) values (33,'Kyle','Anderson','KyleSAnderson@jourrapide.com','12345678','2240 Astoria Cir Herndon, VA 20170',to_date('15-NOV-18 15:37','DD-MON-RR HH24:MI'),'AnderKyle',1,4,1,null,'I have 3 open seats.');
Insert into USERS (USER_ID,FIRST_NAME,LAST_NAME,EMAIL,PASSWORD,ADDRESS,BATCH_END,VENMO,ACTIVE,ROLE_ID,OFFICE_ID,PHOTO_URL,BIO) values (34,'Ray','Lin','Rayl@gmail.com','12345678','2204 Astoria Cir Herndon, VA 20170',to_date('26-SEP-18 16:56','DD-MON-RR HH24:MI'),null,0,4,1,null,null);
--------------------------------------------------------
--  DDL for Index CAR_PK
--------------------------------------------------------

  CREATE UNIQUE INDEX "CAR_PK" ON "CAR" ("CAR_ID") 
  PCTFREE 10 INITRANS 2 MAXTRANS 255 COMPUTE STATISTICS 
  STORAGE(INITIAL 65536 NEXT 1048576 MINEXTENTS 1 MAXEXTENTS 2147483645
  PCTINCREASE 0 FREELISTS 1 FREELIST GROUPS 1
  BUFFER_POOL DEFAULT FLASH_CACHE DEFAULT CELL_FLASH_CACHE DEFAULT)
  TABLESPACE "SYSTEM" ;
--------------------------------------------------------
--  DDL for Index CONTACT_INFO_PK
--------------------------------------------------------

  CREATE UNIQUE INDEX "CONTACT_INFO_PK" ON "CONTACT_INFO" ("CONTACT_INFO_ID") 
  PCTFREE 10 INITRANS 2 MAXTRANS 255 COMPUTE STATISTICS 
  STORAGE(INITIAL 65536 NEXT 1048576 MINEXTENTS 1 MAXEXTENTS 2147483645
  PCTINCREASE 0 FREELISTS 1 FREELIST GROUPS 1
  BUFFER_POOL DEFAULT FLASH_CACHE DEFAULT CELL_FLASH_CACHE DEFAULT)
  TABLESPACE "SYSTEM" ;
--------------------------------------------------------
--  DDL for Index CONTACT_TYPE_PK
--------------------------------------------------------

  CREATE UNIQUE INDEX "CONTACT_TYPE_PK" ON "CONTACT_TYPE" ("CONTACT_TYPE_ID") 
  PCTFREE 10 INITRANS 2 MAXTRANS 255 COMPUTE STATISTICS 
  STORAGE(INITIAL 65536 NEXT 1048576 MINEXTENTS 1 MAXEXTENTS 2147483645
  PCTINCREASE 0 FREELISTS 1 FREELIST GROUPS 1
  BUFFER_POOL DEFAULT FLASH_CACHE DEFAULT CELL_FLASH_CACHE DEFAULT)
  TABLESPACE "SYSTEM" ;
--------------------------------------------------------
--  DDL for Index OFFICE_PK
--------------------------------------------------------

  CREATE UNIQUE INDEX "OFFICE_PK" ON "OFFICE" ("OFFICE_ID") 
  PCTFREE 10 INITRANS 2 MAXTRANS 255 COMPUTE STATISTICS 
  STORAGE(INITIAL 65536 NEXT 1048576 MINEXTENTS 1 MAXEXTENTS 2147483645
  PCTINCREASE 0 FREELISTS 1 FREELIST GROUPS 1
  BUFFER_POOL DEFAULT FLASH_CACHE DEFAULT CELL_FLASH_CACHE DEFAULT)
  TABLESPACE "SYSTEM" ;
--------------------------------------------------------
--  DDL for Index OFFICE__UN
--------------------------------------------------------

  CREATE UNIQUE INDEX "OFFICE__UN" ON "OFFICE" ("ADDRESS") 
  PCTFREE 10 INITRANS 2 MAXTRANS 255 COMPUTE STATISTICS 
  STORAGE(INITIAL 65536 NEXT 1048576 MINEXTENTS 1 MAXEXTENTS 2147483645
  PCTINCREASE 0 FREELISTS 1 FREELIST GROUPS 1
  BUFFER_POOL DEFAULT FLASH_CACHE DEFAULT CELL_FLASH_CACHE DEFAULT)
  TABLESPACE "SYSTEM" ;
--------------------------------------------------------
--  DDL for Index ROLE_PK
--------------------------------------------------------

  CREATE UNIQUE INDEX "ROLE_PK" ON "ROLE" ("ROLE_ID") 
  PCTFREE 10 INITRANS 2 MAXTRANS 255 COMPUTE STATISTICS 
  STORAGE(INITIAL 65536 NEXT 1048576 MINEXTENTS 1 MAXEXTENTS 2147483645
  PCTINCREASE 0 FREELISTS 1 FREELIST GROUPS 1
  BUFFER_POOL DEFAULT FLASH_CACHE DEFAULT CELL_FLASH_CACHE DEFAULT)
  TABLESPACE "SYSTEM" ;
--------------------------------------------------------
--  DDL for Index USERS_PK
--------------------------------------------------------

  CREATE UNIQUE INDEX "USERS_PK" ON "USERS" ("USER_ID") 
  PCTFREE 10 INITRANS 2 MAXTRANS 255 COMPUTE STATISTICS 
  STORAGE(INITIAL 65536 NEXT 1048576 MINEXTENTS 1 MAXEXTENTS 2147483645
  PCTINCREASE 0 FREELISTS 1 FREELIST GROUPS 1
  BUFFER_POOL DEFAULT FLASH_CACHE DEFAULT CELL_FLASH_CACHE DEFAULT)
  TABLESPACE "SYSTEM" ;
--------------------------------------------------------
--  DDL for Trigger CARID
--------------------------------------------------------

  CREATE OR REPLACE  TRIGGER "CARID" 
before insert on CAR
for each row 
begin 
    select carid.nextVal into :new.CAR_ID from dual;
end;

/
ALTER TRIGGER "CARID" ENABLE;
--------------------------------------------------------
--  DDL for Trigger CONTACTINFOID
--------------------------------------------------------

  CREATE OR REPLACE  TRIGGER "CONTACTINFOID" 
before insert on CONTACT_INFO
for each row 
begin 
    select contactinfoid.nextVal into :new.CONTACT_INFO_ID from dual;
end;

/
ALTER TRIGGER "CONTACTINFOID" ENABLE;
--------------------------------------------------------
--  DDL for Trigger CONTACTTYPEID
--------------------------------------------------------

  CREATE OR REPLACE  TRIGGER "CONTACTTYPEID" 
before insert on CONTACT_TYPE
for each row 
begin 
    select contacttypeid.nextVal into :new.CONTACT_TYPE_ID from dual;
end;

/
ALTER TRIGGER "CONTACTTYPEID" ENABLE;
--------------------------------------------------------
--  DDL for Trigger OFFICEID
--------------------------------------------------------

  CREATE OR REPLACE  TRIGGER "OFFICEID" 
before insert on OFFICE
for each row 
begin 
    select officeid.nextVal into :new.OFFICE_ID from dual;
end;

/
ALTER TRIGGER "OFFICEID" ENABLE;
--------------------------------------------------------
--  DDL for Trigger ROLEID
--------------------------------------------------------

  CREATE OR REPLACE  TRIGGER "ROLEID" 
before insert on ROLE
for each row 
begin 
    select roleid.nextVal into :new.ROLE_ID from dual;
end;

/
ALTER TRIGGER "ROLEID" ENABLE;
--------------------------------------------------------
--  DDL for Trigger USERID
--------------------------------------------------------

  CREATE OR REPLACE  TRIGGER "USERID" 
before insert on USERS
for each row 
begin 
    select userid.nextVal into :new.USER_ID from dual;
end;

/
ALTER TRIGGER "USERID" ENABLE;
--------------------------------------------------------
--  Constraints for Table CAR
--------------------------------------------------------

  ALTER TABLE "CAR" ADD CONSTRAINT "CAR_PK" PRIMARY KEY ("CAR_ID")
  USING INDEX PCTFREE 10 INITRANS 2 MAXTRANS 255 COMPUTE STATISTICS 
  STORAGE(INITIAL 65536 NEXT 1048576 MINEXTENTS 1 MAXEXTENTS 2147483645
  PCTINCREASE 0 FREELISTS 1 FREELIST GROUPS 1
  BUFFER_POOL DEFAULT FLASH_CACHE DEFAULT CELL_FLASH_CACHE DEFAULT)
  TABLESPACE "SYSTEM"  ENABLE;
  ALTER TABLE "CAR" MODIFY ("USER_ID" NOT NULL ENABLE);
  ALTER TABLE "CAR" MODIFY ("CAR_ID" NOT NULL ENABLE);
--------------------------------------------------------
--  Constraints for Table CONTACT_INFO
--------------------------------------------------------

  ALTER TABLE "CONTACT_INFO" ADD CONSTRAINT "CONTACT_INFO_PK" PRIMARY KEY ("CONTACT_INFO_ID")
  USING INDEX PCTFREE 10 INITRANS 2 MAXTRANS 255 COMPUTE STATISTICS 
  STORAGE(INITIAL 65536 NEXT 1048576 MINEXTENTS 1 MAXEXTENTS 2147483645
  PCTINCREASE 0 FREELISTS 1 FREELIST GROUPS 1
  BUFFER_POOL DEFAULT FLASH_CACHE DEFAULT CELL_FLASH_CACHE DEFAULT)
  TABLESPACE "SYSTEM"  ENABLE;
  ALTER TABLE "CONTACT_INFO" MODIFY ("CONTACT_TYPE_ID" NOT NULL ENABLE);
  ALTER TABLE "CONTACT_INFO" MODIFY ("USER_ID" NOT NULL ENABLE);
  ALTER TABLE "CONTACT_INFO" MODIFY ("CONTACT_INFO_ID" NOT NULL ENABLE);
--------------------------------------------------------
--  Constraints for Table CONTACT_TYPE
--------------------------------------------------------

  ALTER TABLE "CONTACT_TYPE" ADD CONSTRAINT "CONTACT_TYPE_PK" PRIMARY KEY ("CONTACT_TYPE_ID")
  USING INDEX PCTFREE 10 INITRANS 2 MAXTRANS 255 COMPUTE STATISTICS 
  STORAGE(INITIAL 65536 NEXT 1048576 MINEXTENTS 1 MAXEXTENTS 2147483645
  PCTINCREASE 0 FREELISTS 1 FREELIST GROUPS 1
  BUFFER_POOL DEFAULT FLASH_CACHE DEFAULT CELL_FLASH_CACHE DEFAULT)
  TABLESPACE "SYSTEM"  ENABLE;
  ALTER TABLE "CONTACT_TYPE" MODIFY ("TYPE" NOT NULL ENABLE);
  ALTER TABLE "CONTACT_TYPE" MODIFY ("CONTACT_TYPE_ID" NOT NULL ENABLE);
--------------------------------------------------------
--  Constraints for Table OFFICE
--------------------------------------------------------

  ALTER TABLE "OFFICE" ADD CONSTRAINT "OFFICE__UN" UNIQUE ("ADDRESS")
  USING INDEX PCTFREE 10 INITRANS 2 MAXTRANS 255 COMPUTE STATISTICS 
  STORAGE(INITIAL 65536 NEXT 1048576 MINEXTENTS 1 MAXEXTENTS 2147483645
  PCTINCREASE 0 FREELISTS 1 FREELIST GROUPS 1
  BUFFER_POOL DEFAULT FLASH_CACHE DEFAULT CELL_FLASH_CACHE DEFAULT)
  TABLESPACE "SYSTEM"  ENABLE;
  ALTER TABLE "OFFICE" ADD CONSTRAINT "OFFICE_PK" PRIMARY KEY ("OFFICE_ID")
  USING INDEX PCTFREE 10 INITRANS 2 MAXTRANS 255 COMPUTE STATISTICS 
  STORAGE(INITIAL 65536 NEXT 1048576 MINEXTENTS 1 MAXEXTENTS 2147483645
  PCTINCREASE 0 FREELISTS 1 FREELIST GROUPS 1
  BUFFER_POOL DEFAULT FLASH_CACHE DEFAULT CELL_FLASH_CACHE DEFAULT)
  TABLESPACE "SYSTEM"  ENABLE;
  ALTER TABLE "OFFICE" MODIFY ("ADDRESS" NOT NULL ENABLE);
  ALTER TABLE "OFFICE" MODIFY ("NAME" NOT NULL ENABLE);
  ALTER TABLE "OFFICE" MODIFY ("OFFICE_ID" NOT NULL ENABLE);
--------------------------------------------------------
--  Constraints for Table ROLE
--------------------------------------------------------

  ALTER TABLE "ROLE" ADD CONSTRAINT "ROLE_PK" PRIMARY KEY ("ROLE_ID")
  USING INDEX PCTFREE 10 INITRANS 2 MAXTRANS 255 COMPUTE STATISTICS 
  STORAGE(INITIAL 65536 NEXT 1048576 MINEXTENTS 1 MAXEXTENTS 2147483645
  PCTINCREASE 0 FREELISTS 1 FREELIST GROUPS 1
  BUFFER_POOL DEFAULT FLASH_CACHE DEFAULT CELL_FLASH_CACHE DEFAULT)
  TABLESPACE "SYSTEM"  ENABLE;
  ALTER TABLE "ROLE" MODIFY ("TYPE" NOT NULL ENABLE);
  ALTER TABLE "ROLE" MODIFY ("ROLE_ID" NOT NULL ENABLE);
--------------------------------------------------------
--  Constraints for Table USERS
--------------------------------------------------------

  ALTER TABLE "USERS" ADD CONSTRAINT "USERS_PK" PRIMARY KEY ("USER_ID")
  USING INDEX PCTFREE 10 INITRANS 2 MAXTRANS 255 COMPUTE STATISTICS 
  STORAGE(INITIAL 65536 NEXT 1048576 MINEXTENTS 1 MAXEXTENTS 2147483645
  PCTINCREASE 0 FREELISTS 1 FREELIST GROUPS 1
  BUFFER_POOL DEFAULT FLASH_CACHE DEFAULT CELL_FLASH_CACHE DEFAULT)
  TABLESPACE "SYSTEM"  ENABLE;
  ALTER TABLE "USERS" MODIFY ("OFFICE_ID" NOT NULL ENABLE);
  ALTER TABLE "USERS" MODIFY ("ROLE_ID" NOT NULL ENABLE);
  ALTER TABLE "USERS" MODIFY ("ADDRESS" NOT NULL ENABLE);
  ALTER TABLE "USERS" MODIFY ("PASSWORD" NOT NULL ENABLE);
  ALTER TABLE "USERS" MODIFY ("EMAIL" NOT NULL ENABLE);
  ALTER TABLE "USERS" MODIFY ("LAST_NAME" NOT NULL ENABLE);
  ALTER TABLE "USERS" MODIFY ("FIRST_NAME" NOT NULL ENABLE);
  ALTER TABLE "USERS" MODIFY ("USER_ID" NOT NULL ENABLE);
--------------------------------------------------------
--  Ref Constraints for Table CAR
--------------------------------------------------------

  ALTER TABLE "CAR" ADD CONSTRAINT "CAR_USERS_FK" FOREIGN KEY ("USER_ID")
	  REFERENCES "USERS" ("USER_ID") ENABLE;
--------------------------------------------------------
--  Ref Constraints for Table CONTACT_INFO
--------------------------------------------------------

  ALTER TABLE "CONTACT_INFO" ADD CONSTRAINT "CONTACT_INFO_CONTACT_TYPE_FK" FOREIGN KEY ("CONTACT_TYPE_ID")
	  REFERENCES "CONTACT_TYPE" ("CONTACT_TYPE_ID") ENABLE;
  ALTER TABLE "CONTACT_INFO" ADD CONSTRAINT "CONTACT_INFO_USERS_FK" FOREIGN KEY ("USER_ID")
	  REFERENCES "USERS" ("USER_ID") ENABLE;
--------------------------------------------------------
--  Ref Constraints for Table USERS
--------------------------------------------------------

  ALTER TABLE "USERS" ADD CONSTRAINT "USERS_OFFICE_FK" FOREIGN KEY ("OFFICE_ID")
	  REFERENCES "OFFICE" ("OFFICE_ID") ENABLE;
  ALTER TABLE "USERS" ADD CONSTRAINT "USERS_ROLE_FK" FOREIGN KEY ("ROLE_ID")
	  REFERENCES "ROLE" ("ROLE_ID") ENABLE;
